Username,LoginTime
admin,2025-07-18 22:54:12
admin,2025-08-06 12:25:42
admin,2025-08-06 13:30:42
admin,2025-08-06 13:49:43
admin,2025-08-06 19:04:48
admin,2025-08-06 19:06:41
admin,2025-08-06 19:18:28
admin,2025-08-06 19:26:43
admin,2025-08-06 19:45:41
admin,2025-08-06 19:53:30
admin,2025-08-06 20:02:59
admin,2025-08-06 20:06:11
admin,2025-08-06 20:12:12
admin,2025-08-06 20:25:22
user,2025-08-06 20:26:21
admin,2025-08-07 13:45:41
user,2025-08-07 15:59:20
admin,2025-08-07 16:02:57
admin,2026-03-23 16:35:38
